code,question,option 1,option 2,option 3,option 4,correct answer
100-GSAT-1,All the new students were given one minute to _____ introduce themselves to the whole class.,briefly,famously,gradually,obviously,briefly
100-GSAT-10,Everyone in the office must attend the meeting tomorrow. There are no _____ allowed.,exceptions,additions,divisions,measures,exceptions
100-GSAT-11,"To make fresh lemonade, cut the lemon in half, _____ the juice into a bowl, and then add as much water and sugar as you like.",decrease,squeeze,freeze,cease,squeeze
100-GSAT-12,"Buddhism is the _____ religion in Thailand, with 90% of the total population identified as Buddhists.",racial,competitive,modest,dominant,dominant
100-GSAT-13,"When I open a book, I look first at the table of _____ to get a general idea of the book and to see which chapters I might be interested in reading.",contracts,contents,contests,contacts,contents
100-GSAT-14,"The children were so _____ to see the clown appear on stage that they laughed, screamed, and clapped their hands happily.",admirable,fearful,delighted,intense,delighted
100-GSAT-15,"Typhoon Maggie brought to I-lan County a huge amount of rainfall, much greater than the _____ rainfall of the season in the area.",average,considerate,promising,enjoyable,average
100-GSAT-2,"His dark brown jacket had holes in the elbows and had _____ to light brown, but he continued to wear it.",cycled,faded,loosened,divided,faded
100-GSAT-3,Everyone in our company enjoys working with Jason. He’s got all the qualities that make a _____ partner.,desirable,comfortable,frequent,hostile,desirable
100-GSAT-4,Eyes are sensitive to light. Looking at the sun _____ could damage our eyes.,hardly,specially,totally,directly,directly
100-GSAT-5,We were forced to _____ our plan for the weekend picnic because of the bad weather.,maintain,record,propose,cancel,cancel
100-GSAT-6,"Three people are running for mayor. All three _____ seem confident that they will be elected, but we won’t know until the outcome of the election is announced.",particles,receivers,candidates,containers,candidates
100-GSAT-7,"If you _____ a traffic law, such as drinking and driving, you may not drive for some time.",destroy,violate,attack,invade,violate
100-GSAT-8,"Applying to college means sending in applications, writing study plans, and so on. It’s a long _____, and it makes students nervous.",errand,operation,process,display,process
100-GSAT-9,Dr. Chu’s speech on the new energy source attracted great _____ from the audience at the conference.,attention,fortune,solution,influence,attention
101-GSAT-1,The ending of the movie did not come as a _____ to John because he had already read the novel that the movie was based on.,vision,focus,surprise,conclusion,surprise
101-GSAT-10,Jack is very proud of his fancy new motorcycle. He has been _____ to all his friends about how cool it looks and how fast it runs.,boasting,proposing,gossiping,confessing,boasting
101-GSAT-11,"The ideas about family have changed _____ in the past twenty years. For example, my grandfather was one of ten children in his family, but I am the only child.",mutually,narrowly,considerably,scarcely,considerably
101-GSAT-12,The chairperson of the meeting asked everyone to speak up instead of _____ their opinions among themselves.,reciting,giggling,murmuring,whistling,murmuring
101-GSAT-13,"Although Mr. Chen is rich, he is a very _____ person and is never willing to spend any money to help those who are in need.",absolute,precise,economic,stingy,stingy
101-GSAT-14,"If you want to know what your dreams mean, now there are websites you can visit to help you _____ them.",overcome,interpret,transfer,revise,interpret
101-GSAT-15,The memory _____ of the new computer has been increased so that more information can be stored.,capacity,occupation,attachment,machinery,capacity
101-GSAT-2,"In order to stay healthy and fit, John exercises _____. He works out twice a week in a gym.",regularly,directly,hardly,gradually,regularly
101-GSAT-3,Traveling is a good way for us to _____ different cultures and broaden our horizons.,assume,explore,occupy,inspire,explore
101-GSAT-4,"The story about Hou-I shooting down nine suns is a well-known Chinese _____, but it may not be a true historical event.",figure,rumor,miracle,legend,legend
101-GSAT-5,"According to recent research, children under the age of 12 are generally not _____ enough to recognize risk and deal with dangerous situations.",diligent,mature,familiar,sincere,mature
101-GSAT-6,Helen let out a sigh of _____ after hearing that her brother was not injured in the accident.,hesitation,relief,sorrow,triumph,relief
101-GSAT-7,"Research suggests that people with outgoing personalities tend to be more _____, often expecting that good things will happen.",efficient,practical,changeable,optimistic,optimistic
101-GSAT-8,No one could beat Paul at running. He has won the running championship _____ for three years.,rapidly,urgently,continuously,temporarily,continuously
101-GSAT-9,"If you fly from Taipei to Tokyo, you’ll be taking an international, rather than a _____ flight.",liberal,domestic,connected,universal,domestic
102-GSAT-1,It rained so hard yesterday that the baseball game had to be _____ until next Saturday.,surrendered,postponed,abandoned,opposed,postponed
102-GSAT-10,"The book is not only informative but also _____, making me laugh and feel relaxed while reading it.",understanding,infecting,entertaining,annoying,entertaining
102-GSAT-11,"After working in front of my computer for the entire day, my neck and shoulders got so _____ that I couldn’t even turn my head.",dense,harsh,stiff,concrete,stiff
102-GSAT-12,Getting a flu shot before the start of flu season gives our body a chance to build up protection against the _____ that could make us sick.,poison,misery,leak,virus,virus
102-GSAT-13,"The kingdom began to _____ after the death of its ruler, and was soon taken over by a neighboring country.",collapse,dismiss,rebel,withdraw,collapse
102-GSAT-14,"Though Kevin failed in last year’s singing contest, he did not feel _____. This year he practiced day and night and finally won first place in the competition.",relieved,suspected,discounted,frustrated,frustrated
102-GSAT-15,"Emma and Joe are looking for a live-in babysitter for their three-year-old twins, one who knows how to cook. _____.",initially,apparently,preferably,considerably,preferably
102-GSAT-2,"As more people rely on the Internet for information, it has _____ newspapers as the most important source of news.",distributed,subtracted,replaced,transferred,replaced
102-GSAT-3,"Having saved enough money, Joy _____ two trips for this summer vacation, one to France and the other to Australia.",booked,observed,enclosed,deposited,booked
102-GSAT-4,"Since I do not fully understand your proposal, I am not in the position to make any _____ on it.",difference,solution,demand,comment,comment
102-GSAT-5,Betty was _____ to accept her friend’s suggestion because she thought she could come up with a better idea herself.,tolerable,sensitive,reluctant,modest,reluctant
102-GSAT-6,The bank tries its best to attract more customers. Its staff members are always available to provide _____ service.,singular,prompt,expensive,probable,prompt
102-GSAT-7,John’s part-time experience at the cafeteria is good _____ for running his own restaurant.,preparation,recognition,formation,calculation,preparation
102-GSAT-8,"Women’s fashions are changing _____: One season they may favor pantsuits, but the next season they may prefer miniskirts.",lately,shortly,relatively,constantly,constantly
102-GSAT-9,"Standing on the seashore, we saw a _____ of seagulls flying over the ocean before they glided down and settled on the water.",pack,flock,herd,school,flock
103-GSAT-1,"Lost and scared, the little dog _____ along the streets, looking for its master.",dismissed,glided,wandered,marched,wandered
103-GSAT-10,Residents are told not to dump all household waste _____ into the trash can; reusable materials should first be sorted out and recycled.,shortly,straight,forward,namely,straight
103-GSAT-11,Kevin had been standing on a ladder trying to reach for a book on the top shelf when he lost his _____ and fell to the ground.,volume,weight,balance,direction,balance
103-GSAT-12,"If student enrollment continues to drop, some programs at the university may be _____ to reduce the operation costs.",relieved,eliminated,projected,accounted,eliminated
103-GSAT-13,People in that remote village feed themselves by hunting and engaging in _____ forms of agriculture. No modern agricultural methods are used.,universal,splendid,primitive,courteous,primitive
103-GSAT-14,The government issued a travel _____ for Taiwanese in response to the outbreak of civil war in Syria.,alert,monument,exit,circulation,alert
103-GSAT-15,The baby panda Yuan Zai at the Taipei Zoo was separated from her mother because of a minor injury that occurred during her birth. She was _____ by zookeepers for a while.,departed,jailed,tended,captured,tended
103-GSAT-2,"On a sunny afternoon last month, we all took off our shoes and walked on the grass with _____ feet.",bare,raw,tough,slippery,bare
103-GSAT-3,It is both legally and ______ wrong to spread rumors about other people on the Internet.,morally,physically,literarily,commercially,morally
103-GSAT-4,These warm-up exercises are designed to help people _____ their muscles and prevent injuries.,produce,connect,broaden,loosen,loosen
103-GSAT-5,Mei-ling has a very close relationship with her parents. She always _____ them before she makes important decisions.,impresses,advises,consults,motivates,consults
103-GSAT-6,"The restaurant has a _____ charge of NT250perperson.SothefourofusneedtopayatleastNT1,000 to eat there.",definite,minimum,flexible,numerous,minimum
103-GSAT-7,"At the Book Fair, exhibitors from 21 countries will ______ textbooks, novels, and comic books.",predict,require,display,target,display
103-GSAT-8,"Before John got on the stage to give the speech, he took a deep ______ to calm himself down.",order,rest,effort,breath,breath
103-GSAT-9,Most young people in Taiwan are not satisfied with a high school _____ and continue to pursue further education in college.,maturity,diploma,foundation,guarantee,diploma
104-GSAT-1,Nowadays many companies adopt a _____ work schedule which allows their employees to decide when to arrive at work—from as early as 6 a.m. to as late as 11 a.m.,relative,severe,primitive,flexible,flexible
104-GSAT-10,The angry passengers argued _____ with the airline staff because their flight was cancelled without any reason.,evidently,furiously,obediently,suspiciously,furiously
104-GSAT-11,"To _____ the new product, the company offered some free samples before they officially launched it.",contribute,impress,promote,estimate,promote
104-GSAT-12,"I was worried about my first overseas trip, but my father _____ me that he would help plan the trip so that nothing would go wrong.",rescued,assured,inspired,conveyed,assured
104-GSAT-13,The recent cooking oil scandals have led to calls for tougher _____ of sales of food products.,tolerance,guarantee,regulation,distribution,regulation
104-GSAT-14,"John should _____ more often with his friends and family after work, instead of staying in his room to play computer games.",explore,interact,negotiate,participate,interact
104-GSAT-15,"To prevent the spread of the Ebola virus from West Africa to the rest of the world, many airports have begun Ebola _____ for passengers from the infected areas.",screenings,listings,clippings,blockings,screenings
104-GSAT-2,"To teach children right from wrong, some parents will _____ their children when they behave well and punish them when they misbehave.",settle,declare,reward,neglect,reward
104-GSAT-3,"To stick to a tight budget, Robert bought a more _____ LED TV instead of a fancy, expensive 3D TV.",technical,significant,affordable,expressive,affordable
104-GSAT-4,David’s new book made it to the best-seller list because of its beautiful _____ and amusing stories.,operations,illustrations,engagements,accomplishments,illustrations
104-GSAT-5,"The airport was closed because of the snowstorm, and our _____ for Paris had to be delayed until the following day.",movement,registration,tendency,departure,departure
104-GSAT-6,"The moment the students felt the earthquake, they ran _____ out of the classroom to an open area outside.",swiftly,nearly,loosely,formally,swiftly
104-GSAT-7,"The _____ capacity of this elevator is 400 kilograms. For safety reasons, it shouldn’t be overloaded.",delicate,automatic,essential,maximum,maximum
104-GSAT-8,"An open display of _____ behavior between men and women, such as hugging and kissing, is not allowed in some conservative societies.",intimate,ashamed,earnest,urgent,intimate
104-GSAT-9,"When taking medicine, we should read the instructions on the _____ carefully because they provide important information such as how and when to take it.",medals,quotes,labels,recipes,labels
105-GSAT-1,Posters of the local rock band were displayed in store windows to promote the sale of their _____ tickets.,journey,traffic,concert,record,concert
105-GSAT-10,"Many people try to save a lot of money before _____, since having enough money would give them a sense of security for their future.",isolation,promotion,retirement,announcement,retirement
105-GSAT-11,"In winter, our skin tends to become dry and _____, a problem which is usually treated by applying lotions or creams.",alert,itchy,steady,flexible,itchy
105-GSAT-12,Benson married Julie soon after he had _____ her heart and gained her parents’ approval.,conquered,estimated,guaranteed,intensified,conquered
105-GSAT-13,The recent flood completely _____ my parents’ farm. The farmhouse and fruit trees were all gone and nothing was left.,ruined,cracked,hastened,neglected,ruined
105-GSAT-14,The results of this survey are not reliable because the people it questioned were not a typical or _____ sample of the entire population that was studied.,primitive,spiritual,representative,informative,representative
105-GSAT-15,"In line with the worldwide green movement, carmakers have been working hard to make their new models more _____ friendly to reduce pollution.",liberally,individually,financially,environmentally,environmentally
105-GSAT-2,Maria didn’t want to deliver the bad news to David about his failing the job interview. She herself was quite _____ about it.,awful,drowsy,tragic,upset,upset
105-GSAT-3,The newcomer speaks with a strong Irish _____; he must be from Ireland.,accent,identity,gratitude,signature,accent
105-GSAT-4,"Although Maggie has been physically _____ to her wheelchair since the car accident, she does not limit herself to indoor activities.",ceased,committed,confined,conveyed,confined
105-GSAT-5,All passengers riding in cars are required to fasten their seatbelts in order to reduce the risk of _____ in case of an accident.,injury,offense,sacrifice,victim,injury
105-GSAT-6,The principal of this school is a man of exceptional _____. He sets aside a part of his salary for a scholarship fund for children from needy families.,security,maturity,facility,generosity,generosity
105-GSAT-7,The science teacher always _____ the use of the laboratory equipment before she lets her students use it on her own.,tolerates,associates,demonstrates,exaggerates,demonstrates
105-GSAT-8,"Most of the area is covered by woods, where bird species are so _____ that it is a paradise for birdwatchers.",durable,private,realistic,numerous,numerous
105-GSAT-9,"In most cases, the committee members can reach agreement quickly. _____, however, they differ greatly in opinion and have a hard time making decisions.",Occasionally,Automatically,Enormously,Innocently,Occasionally
106-GSAT-1,John’s clock is not functioning _____. The alarm rings even when it’s not set to go off.,tenderly,properly,solidly,favorably,properly
106-GSAT-10,"The clouds parted and a _____ of light fell on the church, through the windows, and onto the floor.",dip,beam,spark,path,beam
106-GSAT-11,"Instead of a gift, Tim’s grandmother always _____ some money in the birthday card she gave him.",enclosed,installed,preserved,rewarded,enclosed
106-GSAT-12,"While winning a gold _____ is what every Olympic athlete dreams of, it becomes meaningless if it is achieved by cheating.",signal,glory,medal,profit,medal
106-GSAT-13,The thief went into the apartment building and stole some jewelry. He then _____ himself as a security guard and walked out the front gate.,balanced,calculated,disguised,registered,disguised
106-GSAT-14,"Due to numerous accidents that occurred while people were playing Pokémon GO, players were advised to be _____ of possible dangers in the environment.",aware,ashamed,doubtful,guilty,aware
106-GSAT-15,"Sherlock Holmes, a detective in a popular fiction series, has impressed readers with his amazing powers of _____ and his knowledge of trivial facts.",innocence,estimation,assurance,observation,observation
106-GSAT-2,Michael has decided to _____ a career in physics and has set his mind on becoming a professor.,pursue,swear,reserve,draft,pursue
106-GSAT-3,"Peter plans to hike in a _____ part of Africa, where he might not meet another human being for days.",native,tricky,remote,vacant,remote
106-GSAT-4,"People in this community tend to _____ with the group they belong to, and often put group interests before personal ones.",appoint,eliminate,occupy,identify,identify
106-GSAT-5,I mistook the man for a well-known actor and asked for his autograph; it was really _____.,relaxing,embarrassing,appealing,defending,embarrassing
106-GSAT-6,"After spending most of her salary on rent and food, Amelia _____ had any money left for entertainment and other expenses.",barely,fairly,merely,readily,barely
106-GSAT-7,"In the Bermuda Triangle, a region in the western part of the North Atlantic Ocean, some airplanes and ships were reported to have mysteriously disappeared without a _____.",guide,trace,code,print,trace
106-GSAT-8,"Shouting greetings and waving a big sign, Tony _____ the passing shoppers to visit his shop and buy the freshly baked bread.",accessed,edited,imposed,urged,urged
106-GSAT-9,"With a continuous 3 km stretch of golden sand, the beach attracts artists around the world each summer to create amazing _____ with its fine soft sand.",constitutions,objections,sculptures,adventures,sculptures
107-GSAT-1,Mangoes are a _____ fruit here in Taiwan; most of them reach their peak of sweetness in July.,mature,usual,seasonal,particular,seasonal
107-GSAT-10,The interviewees were trying very hard to _____ the interviewers that they were very capable and should be given the job.,credit,impress,relieve,acquire,impress
107-GSAT-11,"After the first snow of the year, the entire grassland disappeared under a _____ of snow.",flake,blossom,blanket,flash,blanket
107-GSAT-12,"Peter likes books with wide _____, which provide him with enough space to write notes.",angles,margins,exceptions,limitations,margins
107-GSAT-13,"At the beginning of the semester, the teacher told the students that late assignments would receive a low grade as a _____.",hardship,comment,bargain,penalty,penalty
107-GSAT-14,Various studies have been _____ in this hospital to explore the link between a high-fat diet and cancer.,conducted,confirmed,implied,improved,conducted
107-GSAT-15,"Intense, fast-moving fires raged across much of California last week. The _____ firestorm has claimed the lives of thirty people.",efficient,reliable,massive,adequate,massive
107-GSAT-2,Writing term papers and giving oral reports are typical course _____ for college students.,requirements,techniques,situations,principles,requirements
107-GSAT-3,"If we work hard to _____ our dreams when we are young, we will not feel that we missed out on something when we get old.",distribute,fulfill,convince,monitor,fulfill
107-GSAT-4,Few people will trust you if you continue making _____ promises and never make efforts to keep them.,chilly,liberal,hollow,definite,hollow
107-GSAT-5,Becky _____ her ankle while she was playing tennis last week. Now it still hurts badly.,slipped,dumped,twisted,recovered,twisted
107-GSAT-6,"Research shows that men and women usually think differently. For example, they have quite different _____ about what marriage means in their life.",decisions,beliefs,styles,degrees,beliefs
107-GSAT-7,"The new manager is very _____. For instance, the employees are given much shorter deadlines for the same tasks than before.",persuasive,tolerable,suspicious,demanding,demanding
107-GSAT-8,"While the couple were looking _____ for their missing children, the kids were actually having fun in the woods nearby.",anxiously,precisely,evidently,distinctly,anxiously
107-GSAT-9,"After delivering a very powerful speech, the award winner was _____ by a group of fans asking for her signature.",deposited,reserved,vanished,surrounded,surrounded
108-GSAT-1,Bobby cared a lot about his _____ at home and asked his parents not to go through his things without his permission.,discipline,facility,privacy,representation,privacy
108-GSAT-10,"The _____ costume party, held every September, is one of the biggest events of the school year.",initial,annual,evident,occasional,annual
108-GSAT-11,"In a job interview, attitude and personality are usually important _____ that influence the decision of the interviewers.",factors,outcomes,missions,identities,factors
108-GSAT-12,The snow-capped mountain is described so _____ in the book that the scene seems to come alive in front of the reader’s eyes.,distantly,meaningfully,cheerfully,vividly,vividly
108-GSAT-13,"Surrounded by flowers blooming and birds _____ merrily, the Wangs had a good time hiking in the national park.",napping,scooping,flipping,chirping,chirping
108-GSAT-14,It is essential for us to maintain constant _____ with our friends to ensure that we have someone to talk to in times of need.,benefit,contact,gesture,favor,contact
108-GSAT-15,"The young generation in this country has shown less interest in factory work and other _____ labor jobs, such as house construction and fruit picking.",causal,durable,manual,violent,manual
108-GSAT-2,"The new manager is a real gentleman. He is kind and humble, totally different from the former manager, who was _____ and bossy.",eager,liberal,mean,inferior,mean
108-GSAT-3,"The weather bureau _____ that the typhoon would bring strong winds and heavy rains, and warned everyone of the possible danger.",conveyed,associated,interpreted,predicted,predicted
108-GSAT-4,"Different airlines have different _____ for carry-on luggage, but many international airlines limit a carry-on piece to 7 kilograms.",landmarks,restrictions,percentages,circumstances,restrictions
108-GSAT-5,Many people were happy that the government had finally _____ Children’s Day as a national holiday.,appointed,declared,performed,involved,declared
108-GSAT-6,"To reach the goal of making her company a market leader, Michelle _____ a plan to open ten new stores around the country this year.",advised,occupied,proposed,recognized,proposed
108-GSAT-7,"Silence in some way is as _____ as speech. It can be used to show, for example, disagreement or lack of interest.",sociable,expressive,reasonable,objective,expressive
108-GSAT-8,"This TV program is designed for children, _____ for those under five. It contains no violence or strong language.",particularly,sensibly,moderately,considerably,particularly
108-GSAT-9,"Tommy, please put away the toys in the box, or you might _____ on them and hurt yourself.",stumble,graze,navigate,dwell,stumble
109-GSAT-1,"After hours of discussion, our class finally reached the _____ that we would go to Hualien for our graduation trip.",balance,conclusion,definition,harmony,conclusion
109-GSAT-10,The candy can no longer be sold because it was found to contain artificial ingredients far beyond the _____ level.,abundant,immense,permissible,descriptive,permissible
109-GSAT-11,Jack’s excellent performance in last week’s game has _____ all the doubts about his ability to play on our school basketball team.,erased,canceled,overlooked,replaced,erased
109-GSAT-12,It is bullying to _____ a foreign speaker’s accent. No one deserves to be laughed at for their pronunciation.,mock,sneak,prompt,glare,mock
109-GSAT-13,"Mary lost ten kilograms in three months, so her _____ skin-tight jeans are now hanging off her hips.",barely,evenly,currently,formerly,formerly
109-GSAT-14,The police officer showed us pictures of drunk driving accidents to highlight the importance of staying _____ on the road.,sober,majestic,vigorous,noticeable,sober
109-GSAT-15,The claim that eating chocolate can prevent heart disease is _____ because there is not enough scientific evidence to support it.,creative,disputable,circular,magnificent,disputable
109-GSAT-2,Jane _____ her teacher by passing the exam with a nearly perfect score; she almost failed the course last semester.,bored,amazed,charmed,informed,amazed
109-GSAT-3,The vacuum cleaner is not working. Let’s send it back to the _____ to have it inspected and repaired.,lecturer,publisher,researcher,manufacturer,manufacturer
109-GSAT-4,"Due to the global financial crisis, the country’s exports _____ by 40 percent last month, the largest drop since 2000.",flattered,transformed,relieved,decreased,decreased
109-GSAT-5,The potato chips have been left uncovered on the table for such a long time that they no longer taste fresh and _____.,solid,crispy,original,smooth,crispy
109-GSAT-6,The townspeople built a _____ in memory of the brave teacher who sacrificed her life to save her students from a burning bus.,monument,refugee,souvenir,firecracker,monument
109-GSAT-7,The students in Professor Smith’s classical Chinese class are required to _____ poems by famous Chinese poets.,construct,expose,recite,install,recite
109-GSAT-8,"Although Mr. Tang claims that the house belongs to him, he has not offered any proof of _____.",convention,relationship,insurance,ownership,ownership
109-GSAT-9,"Ancient Athens, famous for its early development of the democratic system, is often said to be the _____ of democracy.",mission,target,cradle,milestone,cradle
110-GSAT-1,Tom is really a naughty boy. He likes to _____ and play jokes on his younger sister when their parents are not around.,alert,spare,tease,oppose,tease
110-GSAT-10,The 2011 Nobel Peace Prize was awarded _____ to three women for the efforts they made in fighting for women’s rights.,actively,earnestly,jointly,naturally,jointly
110-GSAT-11,The company is _____ and making great profits under the wise leadership of the chief executive officer.,applauding,flourishing,circulating,exceeding,flourishing
110-GSAT-12,It is absolutely _____ to waste your money on an expensive car when you cannot even get a driver’s license.,absurd,cautious,vigorous,obstinate,absurd
110-GSAT-13,The problem of illegal drug use is very complex and cannot be traced to merely one _____ reason.,singular,countable,favorable,defensive,singular
110-GSAT-14,The non-profit organization has _____ $1 million over five years to finance the construction of the medical center.,equipped,resolved,committed,associated,committed
110-GSAT-15,"One week after the typhoon, some bridges were finally opened and bus service _____ in the country’s most severely damaged areas.",departed,resumed,transported,corresponded,resumed
110-GSAT-2,"Elderly shoppers in this store are advised to take the elevator rather than the _____, which may move too fast for them to keep their balance.",airway,operator,escalator,instrument,escalator
110-GSAT-3,"Upon hearing its master’s call, the dog wagged its tail, and followed her out of the room _____.",obediently,apparently,logically,thoroughly,obediently
110-GSAT-4,"Since many of our house plants are from humid jungle environments, they need _____ air to keep them green and healthy.",moist,stale,crisp,fertile,moist
110-GSAT-5,"The skydiver managed to land safely after jumping out of the aircraft, even though her _____ failed to open in midair.",glimpse,latitude,segment,parachute,parachute
110-GSAT-6,"The invention of the steam engine, which was used to power heavy machines, brought about a _____ change in society.",persuasive,harmonious,conventional,revolutionary,revolutionary
110-GSAT-7,"To encourage classroom _____, the teacher divided the class into groups and asked them to solve a problem together with their partners.",operation,interaction,adjustment,explanation,interaction
110-GSAT-8,Lisa _____ onto the ground and injured her ankle while she was playing basketball yesterday.,buried,punched,scattered,tumbled,tumbled
110-GSAT-9,Hundreds of residents received free testing _____ from the city government to find out if their water contained any harmful chemicals.,kits,trials,zones,proofs,kits
111-GSAT-1,"When Jeffery doesn’t feel like cooking, he often orders pizza online and has it ______ to his house.",advanced,delivered,offered,stretched,delivered
111-GSAT-10,"With pink cherry blossoms blooming everywhere, the valley ______ like a young bride under the bright spring sunshine.",bounces,blushes,polishes,transfers,blushes
111-GSAT-2,Jane is the best ______ I have ever had. I cannot imagine running my office without her help.,assistant,influence,contribution,politician,assistant
111-GSAT-3,"The temple celebrated Mazu Festival by hosting ten days of lion dances, Taiwanese operas, and traditional hand ______ shows.",chat,quiz,puppet,variety,puppet
111-GSAT-4,The new vaccine was banned by the Food and Drug Administration due to its _______ fatal side effects.,potentially,delicately,ambiguously,optionally,potentially
111-GSAT-5,______ the photos with dates and keywords help you sort them easily in your file.,Tagging,Flocking,Rolling,Snapping,Tagging
111-GSAT-6,"An ______ person is usually pleasant and easy to get along with, but don’t expect that he or she will always say “yes” to everything.",enormous,intimate,agreeable,ultimate,agreeable
111-GSAT-7,"Hidden deep in a small alley among various tiny shops, the entrance of the Michelin star restaurant is barely ______ to passersby.",identical,visible,available,remarkable,visible
111-GSAT-8,"The original budget for my round-island trip was NT$5,000, but the ______ cost is likely to be 50 percent higher.",moderate,absolute,promising,eventual,eventual
111-GSAT-9,"After watching a TV program on natural history, Adam decided to go on a ______ for dinosaur fossils in South Dakota.",trial,route,strike,quest,quest
112-GSAT-1,The bus driver often complains about chewing gum found under passenger seats because it is ______ and very hard to remove.,sticky,greasy,clumsy,mighty,sticky
112-GSAT-10,Studies show that the unbiased media are in fact often deeply influenced by political ideology.,undoubtedly,roughly,understandably,supposedly,supposedly
112-GSAT-2,Jesse is a talented model. He can easily adopt an elegant ______ for a camera shoot.,clap,toss,pose,snap,pose
112-GSAT-3,"In order to draw her family tree, Mary tried to trace her ______ back to their arrival in North America.",siblings,commuters,ancestors,instructors,ancestors
112-GSAT-4,"Upon the super typhoon warning, Nancy rushed to the supermarket—only to find the shelves almost ______ and the stock nearly gone.",blank,bare,hollow,queer,bare
112-GSAT-5,"Even though Jack said “Sorry!” to me in person, I did not feel any ______ in his apology.",liability,generosity,integrity,sincerity,sincerity
112-GSAT-6,My grandfather has astonishing powers of ______. He can still vividly describe his first day at school as a child.,resolve,fraction,privilege,recall,recall
112-GSAT-7,Recent research has found lots of evidence to ______ the drug company’s claims about its “miracle” tablets for curing cancer.,provoke,counter,expose,convert,counter
112-GSAT-8,Corrupt officials and misguided policies have ______ the country’s economy and burdened its people with enormous foreign debts.,crippled,accelerated,rendered,ventured,crippled
112-GSAT-9,"As a record number of fans showed up for the baseball final, the highways around the stadium were ______ with traffic all day.",choked,disturbed,enclosed,injected,choked
113-GSAT-1,People who desire a ______ figure should exercise regularly and maintain healthy eating habits.,spicy,slender,slight,slippery,slender
113-GSAT-10,"David felt disappointed when he found out that he could not choose his study partners, but would be ______ placed in a study group.",eligibly,randomly,apparently,consequently,randomly
113-GSAT-2,Watching the sun ______ from a sea of clouds is a must-do activity for all visitors to Ali Mountain.,emerging,flashing,rushing,floating,emerging
113-GSAT-3,Do you know what time the next bus is ______? I’ve been waiting here for more than 30 minutes.,apt,due,bound,docked,due
113-GSAT-4,"The roasting heat and high ______ made me feel hot and sticky, no matter what I did to cool off.",density,humidity,circulation,atmosphere,humidity
113-GSAT-5,Artwork created by truly great artists such as Picasso and Monet will no doubt ______ the test of time.,stay,take,serve,stand,stand
113-GSAT-6,"In some countries, military service is ______ for men only; women do not have to serve in the military.",forceful,realistic,compulsory,distinctive,compulsory
113-GSAT-7,The team complained that its leader always took the ______ for all the hard work done by the team members.,advantage,revenge,remedy,credit,credit
113-GSAT-8,"Located at the center of the city, the business hotel ______ not only good service but also convenient public transport.",proposes,contains,promises,confirms,promises
113-GSAT-9,"As blood supplies have fallen to a critically low level, many hospitals are making an ______ for the public to donate blood.",appeal,approach,operation,observation,appeal
114-GSAT-1,"If you put a ______ under a leaking faucet, you will be surprised at the amount of water collected in 24 hours.",border,timer,container,marker,container
114-GSAT-10,"The manager of the company was sued for ______ abusing his colleagues, calling them “hopeless losers.”",verbally,dominantly,legitimately,relevantly,verbally
114-GSAT-2,The local farmers’ market is popular as it offers a variety of fresh seasonal ______ to people in the community.,produce,fashion,brand,trend,produce
114-GSAT-3,"As the years have passed by, many of my childhood memories are already _____; I can no longer recall clearly what happened back then.",blurring,trimming,draining,glaring,blurring
114-GSAT-4,"Racist remarks are by nature ______ and hurtful, and should be avoided on all occasions.",excessive,furious,offensive,stubborn,offensive
114-GSAT-5,"Not satisfied with the first ______ of her essay, Mary revised it several times before turning it in to the teacher.",text,brush,draft,plot,draft
114-GSAT-6,"Left ______ for years, the deserted house was filled with a thick coating of dust and a smell of old damp wood.",casual,fragile,remote,vacant,vacant
114-GSAT-7,The high school student showed ______ courage when she helped the old man escape from the fire.,gigantic,exclusive,multiple,enormous,enormous
114-GSAT-8,Publicly financed projects are often ______ or delayed during tough economic times due to a lack of resources.,halted,hatched,possessed,reinforced,halted
114-GSAT-9,"Despite his busy schedule, the President ______ the school’s graduation ceremony with his presence and a heartwarming speech.",praised,graced,addressed,credited,graced
93-GSAT-1,I called the airline to ______ my flight reservation a week before I left for Canada.,expand,attach,confirm,strengthen,confirm
93-GSAT-10,Jane usually buys things on ______. Her purchases seem to be driven by some sudden force or desire.,accident,compliment,justification,impulse,impulse
93-GSAT-11,The week-long rainfall has ______ landslides and flooding in the mountain areas.,set about,brought about,come about,put about,brought about
93-GSAT-12,"In the cross-lake swimming race, a boat will be ______ in case of an emergency.",standing by,turning on,getting on,running down,standing by
93-GSAT-13,The ground is slippery. Hold onto the rope and don’t ______.,put off,turn up,let go,take apart,let go
93-GSAT-14,"______ the weather, the athletic meetings will be held on time.",Instead of,In relation to,On behalf of,Regardless of,Regardless of
93-GSAT-15,"If people keep polluting the rivers, no fish there will survive ______.",at all cost,for a long while,in the long run,by no means,in the long run
93-GSAT-2,"In order to write a report on stars, we decided to ______ the stars in the sky every night.",design,seize,quote,observe,observe
93-GSAT-3,Julie wants to buy a ______ computer so that she can carry it around when she travels.,memorable,portable,predictable,readable,portable
93-GSAT-4,My grandmother likes to surprise people. She never calls ______ to inform us of her visits.,beforehand,anyhow,originally,consequently,beforehand
93-GSAT-5,"As the tallest building in the world, Taipei 101 has become a new ______ of Taipei City.",incident,geography,skylight,landmark,landmark
93-GSAT-6,Many scholars and experts from all over the world will be invited to attend this yearly ______ on drug control.,reference,intention,conference,interaction,conference
93-GSAT-7,"John had failed to pay his phone bills for months, so his telephone was ______ last week.",interrupted,disconnected,excluded,discriminated,disconnected
93-GSAT-8,"The organic food products are made of natural ingredients, with no ______ flavors added.",accurate,regular,superficial,artificial,artificial
93-GSAT-9,Jessica is a very religious girl; she believes that she is always ______ supported by her god.,spiritually,typically,historically,officially,spiritually
94-GSAT-1,"As computers are getting less expensive, they are _____ used in schools and offices today.",widely,expectedly,consciously,influentially,widely
94-GSAT-10,The drug dealer was ________ by the police while he was selling cocaine to a high school student.,threatened,endangered,demonstrated,arrested,arrested
94-GSAT-11,The rise of oil prices made scientists search for new energy resources to _____ oil.,apply,replace,inform,persuade,replace
94-GSAT-12,"Without much contact with the outside world for many years, John found many technological invention _____ to him.",natural,common,foreign,objective,foreign
94-GSAT-13,The medicine you take for a cold may cause _____; try not to drive after you take it.,incident,violence,bacteria,drowsiness,drowsiness
94-GSAT-14,"To gain more ______, some legislators would get into violent physical fights so that they may appear in TV news reports.",publicity,reputation,significance,communication,publicity
94-GSAT-15,"To live an efficient life, we have to arrange the things to do in order of _____ and start with the most important ones.",authority,priority,regularity,security,priority
94-GSAT-2,Mr. Chang always tries to answer all questions from his students. He will not _____ any of them even if they may sound stupid.,reform,depress,ignore,confirm,ignore
94-GSAT-3,Irene does not throw away used envelopes. She _____ them by using them for taking telephone messages.,designs,recycles,disguises,manufactures,recycles
94-GSAT-4,"Cheese, powdered milk, and yogurt are common milk _____.",produces,products,productions,productivities,products
94-GSAT-5,"Although he is a chef, Roberto _____ cooks his own meals.",rarely,bitterly,naturally,skillfully,rarely
94-GSAT-6,"Due to the yearly bonus system, the 100 ________ positions in this high-tech company have attracted many applicants from around the island.",loyal,evident,typical,vacant,vacant
94-GSAT-7,"If you want to borrow magazines, tapes, or CDs, you can visit the library. They are all ______ there.",sufficient,marvelous,impressive,available,available
94-GSAT-8,The fire in the fireworks factory in Changhua set off a series of powerful _________ and killed four people.,explosions,extensions,inspections,impressions,explosions
94-GSAT-9,A good government official has to ________ the temptation of money and make the right decision.,consist,insist,resist,persist,resist
95-GSAT-1,"If we can _____ to, we will take a vacation abroad in the summer.",pay,move,expose,afford,afford
95-GSAT-10,Jerry didn’t _____ his primary school classmate Mary until he listened to her self-introduction.,acquaint,acquire,recognize,realize,recognize
95-GSAT-11,"With the completion of several public _____ projects, such as the MRT, commuting to work has become easier for people living in the suburbs.",transportation,traffic,travel,transfer,transportation
95-GSAT-12,"With a good _____ of both Chinese and English, Miss Lin was assigned the task of oral interpretation for the visiting American delegation.",writing,program,command,impression,command
95-GSAT-13,I am studying so hard for the forthcoming entrance exam that I do not have the_____ of a free weekend to rest.,luxury,license,limitation,strength,luxury
95-GSAT-14,Kim was completely _____ after jogging in the hot sun all afternoon; she had little energy left.,kicked out,handed out,worn out,put out,worn out
95-GSAT-15,"When Jason failed to pay his bill, the network company_______ his Internet connection.",cut off,cut back,cut short,cut down,cut off
95-GSAT-2,A _____ mistake found in parenthood is that parents often set unrealistic goals for their children.,terrific,common,straight,favorable,common
95-GSAT-3,"Some words, such as “sandwich” and “hamburger,” were _____ the names of people or even towns.",originally,ideally,relatively,sincerely,originally
95-GSAT-4,Have you ever _____ how the ancient Egyptians created such marvelous feats of engineering as the pyramids?,concluded,wondered,admitted,persuaded,wondered
95-GSAT-5,Mr. Johnson was disappointed at his students for having a passive learning _____.,result,progress,attitude,energy,attitude
95-GSAT-6,Anne dreaded giving a speech before three hundred people; even thinking about it made her _____.,passionate,anxious,ambitious,optimistic,anxious
95-GSAT-7,I had to _____ Jack’s invitation to the party because it conflicted with an important business meeting.,decline,depart,devote,deserve,decline
95-GSAT-8,"Selling fried chicken at the night market doesn’t seem to be a decent business, but it is actually quite _____.",plentiful,precious,profitable,productive,profitable
95-GSAT-9,"The passengers _____ escaped death when a bomb exploded in the subway station, killing sixty people.",traditionally,valuably,loosely,narrowly,narrowly
96-GSAT-1,The movie director adapted this year’s bestseller into a hit and made a _____.,fortune,request,companion,decision,fortune
96-GSAT-10,It’s a pity that you have to leave so soon. I _____ hope that you will come back very soon.,sincerely,scarcely,reliably,obviously,sincerely
96-GSAT-11,"We human beings may live without clothes, but food and air are _____ to our life.",magnificent,essential,influential,profitable,essential
96-GSAT-12,The manager _____ without hesitation after he had been offered a better job in another company.,retreated,revived,removed,resigned,resigned
96-GSAT-13,Many important legal _____ concerning the tragic incident have now been preserved in the museum.,distributions,formations,documents,constructions,documents
96-GSAT-14,"I’m not sure exactly how much scholarship you’ll receive, but it will _____ cover your major expenses.",recently,roughly,frankly,variously,roughly
96-GSAT-15,"Tom was very ill a week ago, but now he looks healthy. We are _____ by his quick recovery.",amazed,convinced,advised,confirmed,amazed
96-GSAT-2,"Wang Chien-ming, the Yankees’ best pitcher last year, already showed his great _____ for baseball when he was still a teenager.",response,reluctance,permission,potential,potential
96-GSAT-3,"Although Jeffery had to keep two part-time jobs to support his family, he never _____ his studies. In fact, he graduated with honors.",neglected,segmented,financed,diminished,neglected
96-GSAT-4,"If it is too cold in this room, you can _____ the air conditioner to make yourself feel comfortable.",fasten,adjust,defeat,upload,adjust
96-GSAT-5,This course will provide students with a solid _____ for research. It is highly recommended for those who plan to go to graduate school.,admission,circulation,foundation,extension,foundation
96-GSAT-6,Peter is now living on a _____ of NT$100 per day. He cannot afford any recreational activities.,division,guidance,measure,budget,budget
96-GSAT-7,Amy succeeded in _____ for a raise though her boss didn’t agree to increase her salary at first.,compensating,negotiating,substituting,advertising,negotiating
96-GSAT-8,Ms. Li’s business _____ very quickly. She opened her first store two years ago; now she has fifty stores all over the country.,discouraged,transferred,stretched,expanded,expanded
96-GSAT-9,Ruth is a very _____ person. She cannot take any criticism and always finds excuses to justify herself.,shameful,innocent,defensive,outgoing,defensive
97-GSAT-1,Amy did not _____ changes in the course schedule and therefore missed the class.,arrest,alarm,notice,delay,notice
97-GSAT-10,"Simon loves his work. To him, work always comes first, and family and friends are _____.",secondary,temporary,sociable,capable,secondary
97-GSAT-11,"Although your plans look good, you have to be _____ and consider what you can actually do.",dramatic,realistic,stressful,manageable,realistic
97-GSAT-12,"Built under the sea in 1994, the _____ between England and France connects the UK more closely with mainland Europe.",waterfall,temple,tunnel,channel,tunnel
97-GSAT-13,"This tour package is very appealing, and that one looks _____ attractive. I don’t know which one to choose.",equally,annually,merely,gratefully,equally
97-GSAT-14,"Hseu Fang-yi, a young Taiwanese dancer, recently _____ at Lincoln Center in New York and won a great deal of praise.",performed,pretended,postponed,persuaded,performed
97-GSAT-15,The police searched the house of the suspect _____. They almost turned the whole house upside down.,relatively,thoroughly,casually,permanently,thoroughly
97-GSAT-2,"It is not easy for old people to _____ their backs, so they need help when their backs itch.",label,scratch,lighten,squeeze,scratch
97-GSAT-3,Mary is suffering from a stomachache and needs to eat food which is easy to _____.,launch,invade,adopt,digest,digest
97-GSAT-4,"Since our classroom is not air-conditioned, we have to _____ the heat during the hot summer days.",consume,tolerate,recover,promote,tolerate
97-GSAT-5,Sue is so _____ that she always breaks something when she is shopping at a store.,religious,visual,clumsy,intimate,clumsy
97-GSAT-6,Ann enjoyed going to the flower market. She believed that the _____ of flowers refreshed her mind.,instance,dominance,appliance,fragrance,fragrance
97-GSAT-7,The profits of Prince Charles’s organic farm go to _____ to help the poor and the sick.,charities,bulletins,harvests,rebels,charities
97-GSAT-8,"Jack was given the rare _____ of using the president’s office, which made others quite jealous.",mischief,privilege,involvement,occupation,privilege
97-GSAT-9,This new computer is obviously _____ to the old one because it has many new functions.,technical,suitable,superior,typical,superior
98-GSAT-1,Steve’s description of the place was so _____ that I could almost picture it in my mind.,bitter,vivid,sensitive,courageous,vivid
98-GSAT-10,"With the worsening of global economic conditions, it seems wiser and more _____ to keep cash in the bank rather than to invest in the stock market.",sensible,portable,explicit,anxious,sensible
98-GSAT-11,"Under the _____ of newly elected president Barack Obama, the US is expected to turn a new page in politics and economy.",adoption,fragrance,identity,leadership,leadership
98-GSAT-12,Rapid advancement in motor engineering makes it _____ possible to build a flying car in the near future.,individually,narrowly,punctually,technically,technically
98-GSAT-13,"When you take photos, you can move around to shoot the target object from different _____.",moods,trends,angles,inputs,angles
98-GSAT-14,Students were asked to _____ or rewrite their compositions based on the teacher’s comments.,revise,resign,refresh,remind,revise
98-GSAT-15,"Besides lung cancer, another _____ of smoking is wrinkles, a premature sign of aging.",blessing,campaign,consequence,breakthrough,consequence
98-GSAT-2,"When people feel uncomfortable or nervous, they may _____ their arms across their chests as if to protect themselves.",toss,fold,veil,yield,fold
98-GSAT-3,The doors of these department stores slide open _____ when you approach them. You don’t have to open them yourself.,necessarily,diligently,automatically,intentionally,automatically
98-GSAT-4,"Nicole is a _____ language learner. Within a short period of time, she has developed a good command of Chinese and Japanese.",convenient,popular,regular,brilliant,brilliant
98-GSAT-5,"With rising oil prices, there is an increasing _____ for people to ride bicycles to work.",permit,instrument,appearance,tendency,tendency
98-GSAT-6,"This information came from a very _____ source, so you don’t have to worry about being cheated.",reliable,flexible,clumsy,brutal,reliable
98-GSAT-7,We hope that there will be no war in the world and that all people live in peace and _____ with each other.,complaint,harmony,mission,texture,harmony
98-GSAT-8,"To have a full discussion of the issue, the committee spent a whole hour _____ their ideas at the meeting.",depositing,exchanging,governing,interrupting,exchanging
98-GSAT-9,"While adapting to western ways of living, many Asian immigrants in the US still try hard to _____ their own cultures and traditions.",volunteer,scatter,preserve,motivate,preserve
99-GSAT-1,Mr. Lin is a very ________ writer; he publishes at least five novels every year.,moderate,temporary,productive,reluctant,productive
99-GSAT-10,"Studies show that asking children to do house _____, such as taking out the trash or doing the dishes, helps them grow into responsible adults.",missions,chores,approaches,incidents,chores
99-GSAT-11,"John has been scolded by his boss for over ten minutes now. _____, she is not happy about his being late again.",Expressively,Apparently,Immediately,Originally,Apparently
99-GSAT-12,"Since the orange trees suffered _____ damage from a storm in the summer, the farmers are expecting a sharp decline in harvests this winter.",potential,relative,severe,mutual,severe
99-GSAT-13,"Typhoon Morakot claimed more than six hundred lives in early August of 2009, making it the most serious natural _____ in Taiwan in recent decades.",disaster,barrier,anxiety,collapse,disaster
99-GSAT-14,Robert was the only _____ to the car accident. The police had to count on him to find out exactly how the accident happened.,dealer,guide,witness,client,witness
99-GSAT-15,"Badly injured in the car accident, Jason could _____ move his legs and was sent to the hospital right away.",accordingly,undoubtedly,handily,scarcely,scarcely
99-GSAT-2,Mr. Lin is a very ______ writer; he publishes at least five novels every year.,moderate,temporary,productive,reluctant,productive
99-GSAT-3,Using a heating pad or taking warm baths can sometimes help to _____ pain in the lower back.,polish,relieve,switch,maintain,relieve
99-GSAT-4,"Due to ______, prices for daily necessities have gone up and we have to pay more for the same items now.",inflation,solution,objection,condition,inflation
99-GSAT-5,The government is doing its best to _____ the cultures of the tribal people for fear that they may soon die out.,preserve,frustrate,hesitate,overthrow,preserve
99-GSAT-6,"I could not ______ the sweet smell from the bakery, so I walked in and bought a fresh loaf of bread.",insist,resist,obtain,contain,resist
99-GSAT-7,"Steve has several meetings to attend every day; therefore, he has to work on a very _____ schedule.",dense,various,tight,current,tight
99-GSAT-8,"Michael Phelps, an American swimmer, broke seven world records and won eight gold medals in men’s swimming _____ in the 2008 Olympics.",drills,techniques,routines,contests,contests
99-GSAT-9,"Those college students work at the orphanage on a _____ basis, helping the children with their studies without receiving any pay.",voluntary,competitive,sorrowful,realistic,voluntary
115-GSAT-1,The mayor has such a ______ schedule that it takes weeks to arrange an interview with her.,hasty,tight,diligent,routine,tight
115-GSAT-2,"Jane started as an ______ art designer, but now she has a professional studio of her own.",official,instant,amateur,elementary,amateur
115-GSAT-3,The teaching ______ at the famous high school soon attracted more than a dozen well-qualified applicants.,career,vacancy,expectation,inspiration,vacancy
115-GSAT-4,"Designed by a young engineer, the new product has created far more profit than ______ expected.",initially,genuinely,alternatively,fundamentally,initially
115-GSAT-5,It has been confirmed that a balanced ______ of fruit and vegetables is a key element to good health.,dimension,integration,provision,consumption,consumption
115-GSAT-6,"As a shy boy afraid of making public appearances, Timmy ______ the thought of speaking before large audiences.",dreads,stresses,wanders,escapes,dreads
115-GSAT-7,"To the newly-crowned winner of the piano competition, music is his life’s ______, which he has devoted himself to whole-heartedly.",resource,impact,passion,emphasis,passion
115-GSAT-8,The drunk driver who shouted at passers-by and ______ them with glass bottles was quickly arrested by the police.,shattered,assaulted,overturned,condemned,assaulted
115-GSAT-9,There were so many people at the bus station that I had to ______ my way through the crowd to board the bus in time.,crash,tumble,elbow,struggle,elbow
115-GSAT-10,Deadly shootings on US campuses have raised ______ concerns about how to prevent such tragic incidents from happening again.,swift,brutal,harsh,grave,grave